TITLE,COMPANY,LOCATION,LINK
[전문연구요원] 상시,네이버,대한민국,https://kr.indeed.com/viewjob?jk=b79c2ae536063b01
Undergrad Intern - Computer Vision/Machine Learning,Intel,서울,https://kr.indeed.com/viewjob?jk=b2253ab4c8e59e33
[Search & Clova] Clova AI 인재,네이버,대한민국,https://kr.indeed.com/viewjob?jk=92bd400e3b5306ba
Undergrad Intern - Software Engineer,Intel,서울,https://kr.indeed.com/viewjob?jk=330072f3730ee5a9
[Search & Clova] Clova 체험형 인턴,네이버,대한민국,https://kr.indeed.com/viewjob?jk=b4b6ee0fd83b8ce1
Process & Data Scientist,Applied Materials Inc.,대한민국,https://kr.indeed.com/viewjob?jk=b87ff4aabad6e65e
네이버웹툰 ToonRadar(불법 웹툰 유출자 감시 시스템) 연구 개발자(경력),네이버,대한민국,https://kr.indeed.com/viewjob?jk=ea3daca56d64b287
"[데이터 분석 스타트업] UI/UX개발/고객행동분석 (Python, GA, Database)",온누리아이코리아,서울 금천구,https://kr.indeed.com/viewjob?jk=abeb2f106393ad76
Developer / Designer recruit,마이뮤직테이스트,서울 논현동,https://kr.indeed.com/viewjob?jk=55a19c92c845685e
Support Engineer _ Azure PaaS,Microsoft,서울,https://kr.indeed.com/viewjob?jk=01bc879744c28f9c
"웹,서버 개발자/기업부설연구소/정규직",에프앤디파트너스,대한민국,https://kr.indeed.com/viewjob?jk=3da7d3e61d2dc145
Data Scientist,Boston Consulting Group,서울,https://kr.indeed.com/viewjob?jk=ce6747e77c861c46
Data Scientist,Supercell,서울,https://kr.indeed.com/viewjob?jk=554c2e55cc985488
자산운용본부/전략기획본부 인턴,브이아이피자산운용,대한민국,https://kr.indeed.com/viewjob?jk=d1d0f9bfa7226166
(상시) 인공지능 플랫폼 전문가,에셋플러스자산운용,대한민국,https://kr.indeed.com/viewjob?jk=5a3704a451412c98
Algorithm Application Engineer,Garrett Advancing Motion,경기도,https://kr.indeed.com/viewjob?jk=8c47e8f334705d2e
Support Engineer,Microsoft,서울,https://kr.indeed.com/viewjob?jk=0bbf23c0930be392
AI/빅데이터 분야 (인재 Pool),LG유플러스,서울,https://kr.indeed.com/viewjob?jk=fb617eeb80ea6fa9
Computational Linguist - AI (Natural Language Reasoning),MIND AI,서울,https://kr.indeed.com/viewjob?jk=2bdd2465542edd04
2020년 상반기 더케이교직원나라 각 부문,더케이교직원나라,서울 종로구,https://kr.indeed.com/viewjob?jk=62e6ba7dd5d7cd46
Data Scientist - Risk Management,McKinsey & Company,서울,https://kr.indeed.com/viewjob?jk=161dacfe586cb3af
[동영상플랫폼] 연계형 인턴십,네이버,대한민국,https://kr.indeed.com/viewjob?jk=e65a195da656bcdc
2020 Market Data Analyst - Seoul (Korean Speaker),Bloomberg,서울,https://kr.indeed.com/viewjob?jk=212ca67d161b7162
Data Analytics specialist,Sanofi,서울,https://kr.indeed.com/viewjob?jk=6eefdf7d9fa7e6a3
Software Engineer / Sr. Software Engineer(C++ / Python Developer),Nielsen,서울,https://kr.indeed.com/viewjob?jk=686cdc6df95f159f
Healthcare Real World Data Analyst 담당자,IQVIA,서울,https://kr.indeed.com/viewjob?jk=a39853230d5ceca8
여행 투어 상품서비스 웹 프론트엔드 개발자,로켓츠게임즈,안양 동안구,https://kr.indeed.com/viewjob?jk=c127a8e796abb51b
직원,KIS채권평가,대한민국,https://kr.indeed.com/viewjob?jk=22e47a04b651ae84
Data Analyst,Axiologic Solutions,서울,https://kr.indeed.com/viewjob?jk=eb45c08f4c4a43d8
"Partner Engineer, Google Assistant",Google,서울,https://kr.indeed.com/viewjob?jk=c6398dbbd3c4f4d9
분석지원팀 - 데이터 분석가,Nexon,성남 분당구,https://kr.indeed.com/viewjob?jk=4233609a843b5e96
"Design Consultant, Sr II",Synopsys,대한민국,https://kr.indeed.com/viewjob?jk=33da210b05e4dac7
AI Scientist - Symbolic AI (Natural Language Reasoning),MIND AI,서울,https://kr.indeed.com/viewjob?jk=7b96b63ac704d98a
Support Engineer_Azure Networking,Microsoft,서울,https://kr.indeed.com/viewjob?jk=25bbf0a06be8cf97
"[Search & Clova] Entity Linking, Keyword Extraction (NLP) 경력사원",네이버,대한민국,https://kr.indeed.com/viewjob?jk=b6f6a789b6e7a028
H/W application Engineer,Qualcomm,서울,https://kr.indeed.com/viewjob?jk=9425313d3f425da7
데이터 분석가,카카오,성남 판교역,https://kr.indeed.com/viewjob?jk=092d062a6faa7139
"(인공지능, 텍스트분석) JAVA/LUCENE/Node.js/Python 개발자",이지메타,서울 구로구,https://kr.indeed.com/viewjob?jk=5140d7ca5ea8d1f0
빅데이터 플랫폼 및 BI시스템 구축 그룹 IT계열사,그룹 IT계열사,서울특별시,https://kr.indeed.com/viewjob?jk=c1936b77c8be4bcf
Researcher(AI/Deep Learning),Calm Island,서울,https://kr.indeed.com/viewjob?jk=ba8773ea606ae9f3
데이터분석팀 - 머신러닝 데이터 분석 (대리-과장급),라이나생명보험,서울 종로구,https://kr.indeed.com/viewjob?jk=c48f98bf59c5b8e4
교보악사자산운용 QUANT팀,교보악사자산운용,대한민국,https://kr.indeed.com/viewjob?jk=a24b1ac91024ce54
Data Scientist III,Amazon Web Services Korea LLC,서울,https://kr.indeed.com/viewjob?jk=67ca30c143379281
로봇 기반 Vision 서비스 개발 그룹 IT인프라 구축,그룹 IT인프라 구축,서울특별시,https://kr.indeed.com/viewjob?jk=6f3b8c137683ada9
Physical Implementation Engineer,SiFive,대한민국,https://kr.indeed.com/viewjob?jk=55537575b7dd8d87
데이터 엔지니어,리디,서울특별시,https://kr.indeed.com/viewjob?jk=acbc411113b81ae5
"Technical Specialist, Professional Services (Korean, English)",Google,서울,https://kr.indeed.com/viewjob?jk=fa839fed02943ef7
Marketing Science Director,KANTAR,서울,https://kr.indeed.com/viewjob?jk=53ea82c70f836537
"Computer Vision Engineer, Perception – Autonomous Vehicles",NVIDIA,서울,https://kr.indeed.com/viewjob?jk=f775c2b405edea87
Data Scientist,Valmet Inc.,서울,https://kr.indeed.com/viewjob?jk=e20355c9cc0e1ec6
Associate Solutions Engineer (Full Time) - Korea,Cisco Systems,서울,https://kr.indeed.com/viewjob?jk=59b0ff5ce11a8952
분석 플랫폼 웹 프론트 엔지니어,Nexon,성남 분당구,https://kr.indeed.com/viewjob?jk=eeb027369cdab361
Oracle Linux and Oracle VM Product Support (Engilish & Korean),Oracle,서울,https://kr.indeed.com/viewjob?jk=dcab929554f1e1e7
네이버 일본 맛집 서비스 CONOMI 머신러닝 개발자,네이버,대한민국,https://kr.indeed.com/viewjob?jk=feac8a234b715106
광고팀 - 분석가,Nexon,성남 분당구,https://kr.indeed.com/viewjob?jk=3a08c7089343733d
"Front End Software Engineer, TensorFlow",Google,서울,https://kr.indeed.com/viewjob?jk=bb22e1b9b7683013
추천 통계분석/데이터사이언티스트,카카오,성남 판교역,https://kr.indeed.com/viewjob?jk=bfe0f5ac4f32ec89
[해외취업] Sales Application Engineer,Materialise Sdn Bhd,대한민국,https://kr.indeed.com/viewjob?jk=35f16e65f031d7e9
AI 기반 로봇 서비스 개발 그룹 IT 인프라 구축,그룹 IT 인프라 구축,서울특별시,https://kr.indeed.com/viewjob?jk=d9086035792f01d0
[개발]신사업 프론트 개발자(정규직),위메프,대한민국,https://kr.indeed.com/viewjob?jk=57aa1b90d7626f69
[정규직] Healthcare 컨설팅/사업개발/AI 전문가,SK 씨앤씨,대한민국,https://kr.indeed.com/viewjob?jk=fb6e767a3051c6e5
카카오톡 보이스톡/페이스톡/라이브톡 개발자,카카오,성남 판교역,https://kr.indeed.com/viewjob?jk=d585814d097935eb
머신러닝/딥러닝,NHN,성남 판교역,https://kr.indeed.com/viewjob?jk=cd8ee27085e6a2ff
Lead Application Backend Developer – Mobile,BOEING,서울,https://kr.indeed.com/viewjob?jk=8624753c574a9d25
IT부문 경력직,하나펀드서비스,대한민국,https://kr.indeed.com/viewjob?jk=4edbdaebae7b2b60
BI 운영 그룹 주력계열사,그룹 주력계열사,서울특별시,https://kr.indeed.com/viewjob?jk=e5098c47e3662580
[EY한영] 컨설팅본부(Advisory) PI-Customer팀 경력직 모집,EY,대한민국,https://kr.indeed.com/viewjob?jk=aa9fe8e9fd5c6f84
[보안]보안솔루션 운영 담당자(정규직),위메프,대한민국,https://kr.indeed.com/viewjob?jk=84fd4c2127309eea
Field Application Engineer (FAE),LUCID Vision Labs,대한민국,https://kr.indeed.com/viewjob?jk=56b86f7a1dc1dfe7
[판교]기술지원,NHN Service] [판교,경기도,https://kr.indeed.com/viewjob?jk=466ed639df372448
"Customer Solutions Engineer, Global Client and Agency Solutions",Google,서울,https://kr.indeed.com/viewjob?jk=2615f45e6f912c05
Developer Relations Manager,NVIDIA,서울,https://kr.indeed.com/viewjob?jk=073b7071c036dba2
[Search & Clova] NAVER Search 이미지 검색서버개발 신입/경력사원,네이버,대한민국,https://kr.indeed.com/viewjob?jk=a771637c0eeffc26
Application Backend Developer,BOEING,서울,https://kr.indeed.com/viewjob?jk=a8ed60198075d112
Associate Application Engineer OPC,Siemens AG,경기도 성남,https://kr.indeed.com/viewjob?jk=0325380fce16f73b
Data Analyst - SOCKOR,Barbaricum,서울,https://kr.indeed.com/viewjob?jk=860a3733156e6821
Data Center Technician,Amzn Corporate Services Korea,서울,https://kr.indeed.com/viewjob?jk=1f542078927eb1e4
[개발]위메프오 서비스 개발총괄(정규직),위메프,대한민국,https://kr.indeed.com/viewjob?jk=003c11fc393d77d7
대용량 분산 스토리지 개발자,카카오,성남 판교역,https://kr.indeed.com/viewjob?jk=37d1f6dbb37f8a38
데스크탑 가상화(VDI) 엔지니어,카카오,성남 판교역,https://kr.indeed.com/viewjob?jk=530a598184580c95
Developer Associate - Cloud Infrastructure Development,SAP,서울,https://kr.indeed.com/viewjob?jk=6569d4c4cee994f6
"Solution Architect, Data Scientist - WWFO",NVIDIA,서울,https://kr.indeed.com/viewjob?jk=475bfcb9fe2956fa
주니어 데이터 엔지니어 / Junior Data Engineer,Bagelcode,서울,https://kr.indeed.com/viewjob?jk=65232d6e37b8f7fb
Analytics Executive,Jellyfish UK,서울,https://kr.indeed.com/viewjob?jk=574ca14c9800bc84
RAS Power Marketing Analytics Lead for Power Generation service business,Siemens AG,서울,https://kr.indeed.com/viewjob?jk=55dbae449417c19d
[라프텔] 마케팅 담당자,리디,서울,https://kr.indeed.com/viewjob?jk=00af8f1bc324ef8d
DevOps Engineer,Nielsen,서울,https://kr.indeed.com/viewjob?jk=de8ad67cf88179fe
데이터연동개발팀 - 데이터엔지니어,Nexon,성남 분당구,https://kr.indeed.com/viewjob?jk=83afcd111984f51c
Data Scientist,Terra,서울,https://kr.indeed.com/viewjob?jk=83883bfd1f662d69
Software Developer - Front-End / Back-End,AITRICS,서울,https://kr.indeed.com/viewjob?jk=5123207a169f90eb
Client Technical Specialist,IBM,서울,https://kr.indeed.com/viewjob?jk=320cf19178f2f20d
추천 시스템 연구/개발,카카오,성남 판교역,https://kr.indeed.com/viewjob?jk=be6c1f03fa566f8e
솔루션 프론트엔드 개발자,Nexon,성남 분당구,https://kr.indeed.com/viewjob?jk=273d830a0c62aedd
Image Processing Developer (SW Engineer),Applied Materials Inc.,경기도 화성,https://kr.indeed.com/viewjob?jk=3224a99522042aaa
매칭팀 - 데이터분석가,Nexon,성남 분당구,https://kr.indeed.com/viewjob?jk=54a0b1ed3a827a58
[Search&Clova] Clova 머신러닝 Scientist 개발 신입/경력사원,네이버,대한민국,https://kr.indeed.com/viewjob?jk=257110e5aec08f6d
Support Engineer_Developer Support,Microsoft,서울,https://kr.indeed.com/viewjob?jk=75ccb9bb9c3049c7
[개발]위메프오 서비스 서버개발자(정규직),위메프,대한민국,https://kr.indeed.com/viewjob?jk=5f3a399e83a81379
비즈니스 분석가(Business Analyst) 영입,카카오페이,성남 백현동,https://kr.indeed.com/viewjob?jk=c2c1ab0ed507c4e2
메시지발송 플랫폼 개발자,Nexon,성남 분당구,https://kr.indeed.com/viewjob?jk=eaee1538d8cc832f
